{
  "train_loss": [
    1.763028933737013,
    1.4002146407021416,
    1.1202289760589599,
    0.9732521826002333,
    0.8807824597676595,
    0.8229918005943299,
    0.7792185118251377,
    0.752621835009257,
    0.7283400316874186,
    0.7039888529353672,
    0.6863401765187581,
    0.6800422760539585,
    0.6702344161245558,
    0.6611785781012641,
    0.651496582169003,
    0.4691178728527493,
    0.4205973624547323,
    0.40075747820536295,
    0.3868941799852583,
    0.3767096825970544,
    0.3693107938395606,
    0.35543066493140324,
    0.3286753845002916,
    0.31986019315189784,
    0.31503890471193524,
    0.3113537459002601,
    0.31127388562361397,
    0.3074880538304647,
    0.30787715949482386,
    0.3017842161549462
  ],
  "train_acc": [
    0.32811111111111113,
    0.48764444444444444,
    0.5994444444444444,
    0.6552444444444444,
    0.6912444444444444,
    0.7149333333333333,
    0.7304888888888889,
    0.7415555555555555,
    0.7497777777777778,
    0.7587111111111111,
    0.7647111111111111,
    0.7660444444444444,
    0.7690222222222223,
    0.7738222222222222,
    0.7774888888888889,
    0.8384444444444444,
    0.8556,
    0.8625777777777778,
    0.8656222222222222,
    0.8698666666666667,
    0.8732222222222222,
    0.8772444444444445,
    0.8875333333333333,
    0.8896666666666667,
    0.8922666666666667,
    0.8927333333333334,
    0.8934222222222222,
    0.8936666666666667,
    0.8941777777777777,
    0.8967555555555555
  ],
  "val_loss": [
    1.5621332052230834,
    1.9937701290130616,
    1.021281712436676,
    1.6849438097000122,
    1.0043558769226075,
    1.1225265044689179,
    0.8425007547140122,
    1.0801185567855836,
    0.9235162922859191,
    0.8172800467014313,
    0.8292103647232055,
    0.9676887557029724,
    0.926624838256836,
    1.052889169883728,
    0.8980806635379791,
    0.46564648474901915,
    0.42852713676393034,
    0.4243858119606972,
    0.42046873310804367,
    0.42215984771847725,
    0.4112310606405139,
    0.4205936290979385,
    0.38149820297956466,
    0.3762134544312954,
    0.37912240234017375,
    0.3743329034745693,
    0.37564496322870256,
    0.37453184326291084,
    0.3734238839507103,
    0.37670152612924573
  ],
  "val_acc": [
    0.4294,
    0.4054,
    0.6282,
    0.4636,
    0.6612,
    0.6166,
    0.7046,
    0.6398,
    0.6742,
    0.72,
    0.7212,
    0.6914,
    0.7006,
    0.6626,
    0.7086,
    0.8424,
    0.852,
    0.8532,
    0.8562,
    0.8556,
    0.859,
    0.8542,
    0.87,
    0.8712,
    0.8718,
    0.8704,
    0.8696,
    0.87,
    0.8708,
    0.8692
  ]
}