{
  "train_loss": [
    1.5757225110371909,
    1.084631823963589,
    0.8945164888911777,
    0.7929880772908529,
    0.7181078152550592,
    0.6796658914354112,
    0.6453150289429559,
    0.6196433119455973,
    0.6104028074052599,
    0.5895490709092882,
    0.577809441863166,
    0.5624166985458798,
    0.5519708127657572,
    0.5445953861024645,
    0.5358940403196547,
    0.38124335980415347,
    0.33691645595232644,
    0.3187083353307512,
    0.3012606264246835,
    0.29383731229570176,
    0.2840972323470645,
    0.27788485815260144,
    0.25163209273285336,
    0.24575225719345942,
    0.23996460755666096,
    0.23879311067263284,
    0.23454820777045357,
    0.22818982445398966,
    0.23309991791910595,
    0.23059797205924987
  ],
  "train_acc": [
    0.4099111111111111,
    0.6102,
    0.6860222222222222,
    0.7228666666666667,
    0.7515777777777778,
    0.7636222222222222,
    0.7753777777777778,
    0.7861111111111111,
    0.7897111111111111,
    0.7967111111111111,
    0.7995777777777778,
    0.8048888888888889,
    0.8108666666666666,
    0.8144666666666667,
    0.8158444444444445,
    0.8696666666666667,
    0.8855555555555555,
    0.8914,
    0.8974222222222222,
    0.8978666666666667,
    0.9029777777777778,
    0.9044444444444445,
    0.9154222222222222,
    0.9162444444444444,
    0.9176888888888889,
    0.9184222222222223,
    0.9200666666666667,
    0.9222444444444444,
    0.9197777777777778,
    0.9207111111111111
  ],
  "val_loss": [
    1.536839937400818,
    1.5979796161651612,
    1.043279878616333,
    0.9799177961349488,
    1.2611487276077271,
    1.3459350889205932,
    1.0510276580810547,
    0.8063355171680451,
    1.0784900071620942,
    0.65994859354496,
    1.0499010635375976,
    0.8499439759254456,
    0.8207199635863304,
    0.7651512403488159,
    0.8320505059719085,
    0.38143115696311,
    0.37296482043862345,
    0.36239963045716284,
    0.3589858946621418,
    0.35532871149778367,
    0.3466970562815666,
    0.35239942097067833,
    0.3268543802022934,
    0.323918842792511,
    0.3236300922930241,
    0.3228962504029274,
    0.3230188889235258,
    0.32486904129981997,
    0.32412256960868835,
    0.3248408501029015
  ],
  "val_acc": [
    0.4984,
    0.487,
    0.638,
    0.6708,
    0.602,
    0.6108,
    0.6578,
    0.7248,
    0.646,
    0.771,
    0.664,
    0.7342,
    0.7314,
    0.7432,
    0.7392,
    0.8658,
    0.8682,
    0.8748,
    0.874,
    0.8756,
    0.8828,
    0.8796,
    0.8856,
    0.8868,
    0.8878,
    0.888,
    0.8878,
    0.8866,
    0.887,
    0.8874
  ]
}